[{"model": "auth.permission", "pk": 1, "fields": {"name": "Can add log entry", "content_type": 1, "codename": "add_logentry"}}, {"model": "auth.permission", "pk": 2, "fields": {"name": "Can change log entry", "content_type": 1, "codename": "change_logentry"}}, {"model": "auth.permission", "pk": 3, "fields": {"name": "Can delete log entry", "content_type": 1, "codename": "delete_logentry"}}, {"model": "auth.permission", "pk": 4, "fields": {"name": "Can view log entry", "content_type": 1, "codename": "view_logentry"}}, {"model": "auth.permission", "pk": 5, "fields": {"name": "Can add permission", "content_type": 2, "codename": "add_permission"}}, {"model": "auth.permission", "pk": 6, "fields": {"name": "Can change permission", "content_type": 2, "codename": "change_permission"}}, {"model": "auth.permission", "pk": 7, "fields": {"name": "Can delete permission", "content_type": 2, "codename": "delete_permission"}}, {"model": "auth.permission", "pk": 8, "fields": {"name": "Can view permission", "content_type": 2, "codename": "view_permission"}}, {"model": "auth.permission", "pk": 9, "fields": {"name": "Can add group", "content_type": 3, "codename": "add_group"}}, {"model": "auth.permission", "pk": 10, "fields": {"name": "Can change group", "content_type": 3, "codename": "change_group"}}, {"model": "auth.permission", "pk": 11, "fields": {"name": "Can delete group", "content_type": 3, "codename": "delete_group"}}, {"model": "auth.permission", "pk": 12, "fields": {"name": "Can view group", "content_type": 3, "codename": "view_group"}}, {"model": "auth.permission", "pk": 13, "fields": {"name": "Can add content type", "content_type": 4, "codename": "add_contenttype"}}, {"model": "auth.permission", "pk": 14, "fields": {"name": "Can change content type", "content_type": 4, "codename": "change_contenttype"}}, {"model": "auth.permission", "pk": 15, "fields": {"name": "Can delete content type", "content_type": 4, "codename": "delete_contenttype"}}, {"model": "auth.permission", "pk": 16, "fields": {"name": "Can view content type", "content_type": 4, "codename": "view_contenttype"}}, {"model": "auth.permission", "pk": 17, "fields": {"name": "Can add session", "content_type": 5, "codename": "add_session"}}, {"model": "auth.permission", "pk": 18, "fields": {"name": "Can change session", "content_type": 5, "codename": "change_session"}}, {"model": "auth.permission", "pk": 19, "fields": {"name": "Can delete session", "content_type": 5, "codename": "delete_session"}}, {"model": "auth.permission", "pk": 20, "fields": {"name": "Can view session", "content_type": 5, "codename": "view_session"}}, {"model": "auth.permission", "pk": 21, "fields": {"name": "Can add custom user", "content_type": 6, "codename": "add_customuser"}}, {"model": "auth.permission", "pk": 22, "fields": {"name": "Can change custom user", "content_type": 6, "codename": "change_customuser"}}, {"model": "auth.permission", "pk": 23, "fields": {"name": "Can delete custom user", "content_type": 6, "codename": "delete_customuser"}}, {"model": "auth.permission", "pk": 24, "fields": {"name": "Can view custom user", "content_type": 6, "codename": "view_customuser"}}, {"model": "auth.permission", "pk": 25, "fields": {"name": "Can add articulo", "content_type": 7, "codename": "add_articulo"}}, {"model": "auth.permission", "pk": 26, "fields": {"name": "Can change articulo", "content_type": 7, "codename": "change_articulo"}}, {"model": "auth.permission", "pk": 27, "fields": {"name": "Can delete articulo", "content_type": 7, "codename": "delete_articulo"}}, {"model": "auth.permission", "pk": 28, "fields": {"name": "Can view articulo", "content_type": 7, "codename": "view_articulo"}}, {"model": "auth.permission", "pk": 29, "fields": {"name": "Can add pedido articulo", "content_type": 8, "codename": "add_pedidoarticulo"}}, {"model": "auth.permission", "pk": 30, "fields": {"name": "Can change pedido articulo", "content_type": 8, "codename": "change_pedidoarticulo"}}, {"model": "auth.permission", "pk": 31, "fields": {"name": "Can delete pedido articulo", "content_type": 8, "codename": "delete_pedidoarticulo"}}, {"model": "auth.permission", "pk": 32, "fields": {"name": "Can view pedido articulo", "content_type": 8, "codename": "view_pedidoarticulo"}}, {"model": "auth.permission", "pk": 33, "fields": {"name": "Can add pedido", "content_type": 9, "codename": "add_pedido"}}, {"model": "auth.permission", "pk": 34, "fields": {"name": "Can change pedido", "content_type": 9, "codename": "change_pedido"}}, {"model": "auth.permission", "pk": 35, "fields": {"name": "Can delete pedido", "content_type": 9, "codename": "delete_pedido"}}, {"model": "auth.permission", "pk": 36, "fields": {"name": "Can view pedido", "content_type": 9, "codename": "view_pedido"}}, {"model": "auth.permission", "pk": 37, "fields": {"name": "Can add productos", "content_type": 10, "codename": "add_productos"}}, {"model": "auth.permission", "pk": 38, "fields": {"name": "Can change productos", "content_type": 10, "codename": "change_productos"}}, {"model": "auth.permission", "pk": 39, "fields": {"name": "Can delete productos", "content_type": 10, "codename": "delete_productos"}}, {"model": "auth.permission", "pk": 40, "fields": {"name": "Can view productos", "content_type": 10, "codename": "view_productos"}}, {"model": "auth.permission", "pk": 41, "fields": {"name": "Can add pedido", "content_type": 11, "codename": "add_pedido"}}, {"model": "auth.permission", "pk": 42, "fields": {"name": "Can change pedido", "content_type": 11, "codename": "change_pedido"}}, {"model": "auth.permission", "pk": 43, "fields": {"name": "Can delete pedido", "content_type": 11, "codename": "delete_pedido"}}, {"model": "auth.permission", "pk": 44, "fields": {"name": "Can view pedido", "content_type": 11, "codename": "view_pedido"}}, {"model": "auth.permission", "pk": 45, "fields": {"name": "Can add pedido producto", "content_type": 12, "codename": "add_pedidoproducto"}}, {"model": "auth.permission", "pk": 46, "fields": {"name": "Can change pedido producto", "content_type": 12, "codename": "change_pedidoproducto"}}, {"model": "auth.permission", "pk": 47, "fields": {"name": "Can delete pedido producto", "content_type": 12, "codename": "delete_pedidoproducto"}}, {"model": "auth.permission", "pk": 48, "fields": {"name": "Can view pedido producto", "content_type": 12, "codename": "view_pedidoproducto"}}, {"model": "auth.permission", "pk": 49, "fields": {"name": "Can add pedido cde", "content_type": 13, "codename": "add_pedidocde"}}, {"model": "auth.permission", "pk": 50, "fields": {"name": "Can change pedido cde", "content_type": 13, "codename": "change_pedidocde"}}, {"model": "auth.permission", "pk": 51, "fields": {"name": "Can delete pedido cde", "content_type": 13, "codename": "delete_pedidocde"}}, {"model": "auth.permission", "pk": 52, "fields": {"name": "Can view pedido cde", "content_type": 13, "codename": "view_pedidocde"}}, {"model": "auth.permission", "pk": 53, "fields": {"name": "Can add pedido producto cde", "content_type": 14, "codename": "add_pedidoproductocde"}}, {"model": "auth.permission", "pk": 54, "fields": {"name": "Can change pedido producto cde", "content_type": 14, "codename": "change_pedidoproductocde"}}, {"model": "auth.permission", "pk": 55, "fields": {"name": "Can delete pedido producto cde", "content_type": 14, "codename": "delete_pedidoproductocde"}}, {"model": "auth.permission", "pk": 56, "fields": {"name": "Can view pedido producto cde", "content_type": 14, "codename": "view_pedidoproductocde"}}, {"model": "auth.permission", "pk": 57, "fields": {"name": "Can add backup", "content_type": 15, "codename": "add_backup"}}, {"model": "auth.permission", "pk": 58, "fields": {"name": "Can change backup", "content_type": 15, "codename": "change_backup"}}, {"model": "auth.permission", "pk": 59, "fields": {"name": "Can delete backup", "content_type": 15, "codename": "delete_backup"}}, {"model": "auth.permission", "pk": 60, "fields": {"name": "Can view backup", "content_type": 15, "codename": "view_backup"}}, {"model": "contenttypes.contenttype", "pk": 1, "fields": {"app_label": "admin", "model": "logentry"}}, {"model": "contenttypes.contenttype", "pk": 2, "fields": {"app_label": "auth", "model": "permission"}}, {"model": "contenttypes.contenttype", "pk": 3, "fields": {"app_label": "auth", "model": "group"}}, {"model": "contenttypes.contenttype", "pk": 4, "fields": {"app_label": "contenttypes", "model": "contenttype"}}, {"model": "contenttypes.contenttype", "pk": 5, "fields": {"app_label": "sessions", "model": "session"}}, {"model": "contenttypes.contenttype", "pk": 6, "fields": {"app_label": "libreria", "model": "customuser"}}, {"model": "contenttypes.contenttype", "pk": 7, "fields": {"app_label": "papeleria", "model": "articulo"}}, {"model": "contenttypes.contenttype", "pk": 8, "fields": {"app_label": "papeleria", "model": "pedidoarticulo"}}, {"model": "contenttypes.contenttype", "pk": 9, "fields": {"app_label": "papeleria", "model": "pedido"}}, {"model": "contenttypes.contenttype", "pk": 10, "fields": {"app_label": "cafeteria", "model": "productos"}}, {"model": "contenttypes.contenttype", "pk": 11, "fields": {"app_label": "cafeteria", "model": "pedido"}}, {"model": "contenttypes.contenttype", "pk": 12, "fields": {"app_label": "cafeteria", "model": "pedidoproducto"}}, {"model": "contenttypes.contenttype", "pk": 13, "fields": {"app_label": "cde", "model": "pedidocde"}}, {"model": "contenttypes.contenttype", "pk": 14, "fields": {"app_label": "cde", "model": "pedidoproductocde"}}, {"model": "contenttypes.contenttype", "pk": 15, "fields": {"app_label": "backup", "model": "backup"}}, {"model": "sessions.session", "pk": "6pw47vl5os7s5sti6cv1l4doc9803leo", "fields": {"session_data": ".eJxVjMsOgyAQRf-FtTGCMj6WTfodZGBGJaImgKum_17bumi359xzH8LgkWdzJI7GkxiEFMUvs-gW3t4ieBs5eiwvlMr7ij7crsFfNWOaz4SYCBtsJUDT2aZXo7KSla6YZV11KJk6hh5qllKT0xqgd4ijohpo1O15-rkL-zQxGb-JIceDC4GBY0aT8u4Ws-4pRyT8yucLja1HUw:1uRCmJ:t9DQYBuC1DpZdWgT6rXveCfNmnqvft81L4FXT4LTcf0", "expire_date": "2025-06-16T16:43:47.563Z"}}, {"model": "sessions.session", "pk": "ud09y600ui7pkrsq3nrclmi9dxxea19v", "fields": {"session_data": ".eJxVjMsOgyAQRf-FtTGCMj6WTfodZGBGJaImgKum_17bumi359xzH8LgkWdzJI7GkxiEFMUvs-gW3t4ieBs5eiwvlMr7ij7crsFfNWOaz4SYCBtsJUDT2aZXo7KSla6YZV11KJk6hh5qllKT0xqgd4ijohpo1O15-rkL-zQxGb-JIceDC4GBY0aT8u4Ws-4pRyT8yucLja1HUw:1uRC02:651znzjybfk10K_pHMkD9Yc7kWIzBVDvfpjRm3n74XE", "expire_date": "2025-06-16T15:53:54.711Z"}}, {"model": "libreria.customuser", "pk": 1, "fields": {"password": "pbkdf2_sha256$1000000$TXHtnRNTcBPT4j5aWXjzsU$POVgA7QKYUv0y25cWEJFgWvayXRWeqStMdcBkqI6Clg=", "last_login": "2025-06-16T16:15:53.407Z", "is_superuser": false, "username": "Daniel Sánchez", "email": "jonnathansz73@gmail.com", "role": "Administrador", "area": "Administrativa", "cargo": "Director Gestor CCD", "fecha_registro": "2025-06-16", "is_active": true, "is_staff": false, "acceso_pap": true, "acceso_caf": true, "acceso_cde": true, "groups": [], "user_permissions": []}}, {"model": "libreria.customuser", "pk": 2, "fields": {"password": "pbkdf2_sha256$870000$UwJdMtu6WbGvtyBL0G2fR6$A1v6c5NlxmW0PWQjWQOwBt3a+kdHvfJ99H4y7JpApw8=", "last_login": "2025-06-16T00:31:39.952Z", "is_superuser": false, "username": "Viviana Rodriguez", "email": "viviana@gmail.com", "role": "Empleado", "area": "Administrativa", "cargo": "asistente en gestion documental", "fecha_registro": "2025-06-16", "is_active": true, "is_staff": false, "acceso_pap": true, "acceso_caf": false, "acceso_cde": false, "groups": [], "user_permissions": []}}, {"model": "libreria.customuser", "pk": 3, "fields": {"password": "pbkdf2_sha256$870000$xZjoehHCWigzkfvQqJVbm5$B3TOaEbeie4UeHQa4R1n7d+DKUQkLO2Ahs+o2ViQd8A=", "last_login": "2025-06-16T00:34:38.209Z", "is_superuser": false, "username": "Alejandro", "email": "alejandro@gmail.com", "role": "Empleado", "area": "Registros públicos", "cargo": "Abogado juridico", "fecha_registro": "2025-06-16", "is_active": true, "is_staff": false, "acceso_pap": false, "acceso_caf": false, "acceso_cde": false, "groups": [], "user_permissions": []}}, {"model": "libreria.customuser", "pk": 4, "fields": {"password": "pbkdf2_sha256$870000$sjxmvd3yAr3MLkBVioQLhY$tolNIHr/ExMFOkYuhcaMRnoA7+ZeaEoeB1z6uFWZPNY=", "last_login": "2025-06-16T00:33:34.615Z", "is_superuser": false, "username": "Luisa", "email": "luisa@gmail.com", "role": "Empleado", "area": "Registros públicos", "cargo": "Auxiliar RUES", "fecha_registro": "2025-06-16", "is_active": true, "is_staff": false, "acceso_pap": false, "acceso_caf": false, "acceso_cde": false, "groups": [], "user_permissions": []}}, {"model": "libreria.customuser", "pk": 5, "fields": {"password": "pbkdf2_sha256$870000$OdPV3gmcrm7FHAueQRASBM$U942DmA7oHJkHg5Eosh9HSHOQ03Ig5sVRod1pAd0k3k=", "last_login": null, "is_superuser": false, "username": "Brayan ceron", "email": "brayanceron@gmail.com", "role": "Empleado", "area": "Competitividad", "cargo": "Supernumerario en competitividad", "fecha_registro": "2025-06-16", "is_active": true, "is_staff": false, "acceso_pap": true, "acceso_caf": true, "acceso_cde": true, "groups": [], "user_permissions": []}}, {"model": "papeleria.articulo", "pk": 1, "fields": {"nombre": "Resma de papel", "marca": "fhfgh", "observacion": "fghfghfg", "tipo": "fgghgh", "precio": 56566, "cantidad": 5, "proveedor": "fghfghfgh", "registrado_por": 1, "fecha_registro": "2025-06-16"}}, {"model": "papeleria.articulo", "pk": 2, "fields": {"nombre": "esferos", "marca": "fghfggh", "observacion": "fggfhfg", "tipo": "dfgdf", "precio": 5555, "cantidad": 88, "proveedor": "gghgg", "registrado_por": 1, "fecha_registro": "2025-06-15"}}, {"model": "papeleria.articulo", "pk": 3, "fields": {"nombre": "post - its", "marca": "fghfh", "observacion": "fghfggh", "tipo": "dffgfgh", "precio": 665, "cantidad": 55, "proveedor": "fghfgh", "registrado_por": 1, "fecha_registro": "2025-06-15"}}, {"model": "papeleria.articulo", "pk": 4, "fields": {"nombre": "lapiz", "marca": "gfhfggh", "observacion": "gfhgfh", "tipo": "fghfg", "precio": 566565, "cantidad": 654645, "proveedor": "fghfg", "registrado_por": 1, "fecha_registro": "2025-06-15"}}, {"model": "papeleria.articulo", "pk": 5, "fields": {"nombre": "ganchos", "marca": "fghgfgh", "observacion": "fgghfgh", "tipo": "ghfggh", "precio": 5656, "cantidad": 65456, "proveedor": "gfhfgh", "registrado_por": 1, "fecha_registro": "2025-06-15"}}, {"model": "papeleria.pedido", "pk": 1, "fields": {"registrado_por": 1, "fecha_pedido": "2025-06-16T00:25:14.169Z", "estado": "Confirmado"}}, {"model": "papeleria.pedido", "pk": 2, "fields": {"registrado_por": 2, "fecha_pedido": "2025-06-16T00:25:48.676Z", "estado": "Pendiente"}}, {"model": "papeleria.pedido", "pk": 3, "fields": {"registrado_por": 3, "fecha_pedido": "2025-06-16T00:27:42.306Z", "estado": "Pendiente"}}, {"model": "papeleria.pedido", "pk": 4, "fields": {"registrado_por": 4, "fecha_pedido": "2025-06-16T00:29:05.553Z", "estado": "Pendiente"}}, {"model": "papeleria.pedidoarticulo", "pk": 1, "fields": {"pedido": 1, "articulo": 1, "cantidad": 1, "tipo": "fgghgh", "area": "Administrativa"}}, {"model": "papeleria.pedidoarticulo", "pk": 2, "fields": {"pedido": 2, "articulo": 2, "cantidad": 1, "tipo": "dfgdf", "area": "Administrativa"}}, {"model": "papeleria.pedidoarticulo", "pk": 3, "fields": {"pedido": 2, "articulo": 4, "cantidad": 1, "tipo": "fghfg", "area": "Administrativa"}}, {"model": "papeleria.pedidoarticulo", "pk": 4, "fields": {"pedido": 3, "articulo": 3, "cantidad": 1, "tipo": "dffgfgh", "area": "Registros públicos"}}, {"model": "papeleria.pedidoarticulo", "pk": 5, "fields": {"pedido": 3, "articulo": 5, "cantidad": 1, "tipo": "ghfggh", "area": "Registros públicos"}}, {"model": "papeleria.pedidoarticulo", "pk": 6, "fields": {"pedido": 4, "articulo": 5, "cantidad": 1, "tipo": "ghfggh", "area": "Registros públicos"}}, {"model": "papeleria.pedidoarticulo", "pk": 7, "fields": {"pedido": 4, "articulo": 2, "cantidad": 1, "tipo": "dfgdf", "area": "Registros públicos"}}, {"model": "papeleria.pedidoarticulo", "pk": 8, "fields": {"pedido": 4, "articulo": 3, "cantidad": 1, "tipo": "dffgfgh", "area": "Registros públicos"}}, {"model": "cafeteria.productos", "pk": 1, "fields": {"nombre": "azucar", "marca": "dsffg", "precio": 65656, "cantidad": 155, "proveedor": "dfgfdgdf", "registrado_por": 1, "fecha_registro": "2025-06-15", "unidad_medida": "Gramos", "presentacion": "dfgdfg"}}, {"model": "cafeteria.productos", "pk": 2, "fields": {"nombre": "fdgdfg", "marca": "fdgdffg", "precio": 65555, "cantidad": 555, "proveedor": "gfdfgdf", "registrado_por": 1, "fecha_registro": "2025-06-15", "unidad_medida": "Gramos", "presentacion": "fdgfdg"}}, {"model": "cafeteria.productos", "pk": 3, "fields": {"nombre": "fgfdg", "marca": "fdgdfg", "precio": 26565, "cantidad": 41, "proveedor": "fdgfdf", "registrado_por": 1, "fecha_registro": "2025-06-16", "unidad_medida": "Mililitros", "presentacion": "fgdffg"}}, {"model": "cafeteria.productos", "pk": 4, "fields": {"nombre": "fgdfgdf", "marca": "dffgfdg", "precio": 88258, "cantidad": 25, "proveedor": "fgfd", "registrado_por": 1, "fecha_registro": "2025-06-15", "unidad_medida": "Kilogramos", "presentacion": "dffgdf"}}, {"model": "cafeteria.productos", "pk": 5, "fields": {"nombre": "fdgdf", "marca": "fddfgf", "precio": 556669, "cantidad": 555, "proveedor": "dfgdfgdf", "registrado_por": 1, "fecha_registro": "2025-06-15", "unidad_medida": "Litros", "presentacion": "dfgfg"}}, {"model": "cafeteria.pedido", "pk": 1, "fields": {"registrado_por": 1, "fecha_pedido": "2025-06-16T00:31:20.778Z", "estado": "Confirmado"}}, {"model": "cafeteria.pedido", "pk": 2, "fields": {"registrado_por": 2, "fecha_pedido": "2025-06-16T00:31:55.957Z", "estado": "Pendiente"}}, {"model": "cafeteria.pedido", "pk": 3, "fields": {"registrado_por": 3, "fecha_pedido": "2025-06-16T00:32:34.875Z", "estado": "Pendiente"}}, {"model": "cafeteria.pedido", "pk": 4, "fields": {"registrado_por": 4, "fecha_pedido": "2025-06-16T00:33:01.632Z", "estado": "Pendiente"}}, {"model": "cafeteria.pedido", "pk": 5, "fields": {"registrado_por": 4, "fecha_pedido": "2025-06-16T00:34:00.665Z", "estado": "Pendiente"}}, {"model": "cafeteria.pedido", "pk": 6, "fields": {"registrado_por": 3, "fecha_pedido": "2025-06-16T00:34:52.330Z", "estado": "Pendiente"}}, {"model": "cafeteria.pedidoproducto", "pk": 1, "fields": {"pedido": 1, "producto": 3, "cantidad": 1, "area": "Administrativa", "lugar": "fdgdfg"}}, {"model": "cafeteria.pedidoproducto", "pk": 2, "fields": {"pedido": 2, "producto": 4, "cantidad": 1, "area": "Administrativa", "lugar": "rtyfddg"}}, {"model": "cafeteria.pedidoproducto", "pk": 3, "fields": {"pedido": 2, "producto": 1, "cantidad": 1, "area": "Administrativa", "lugar": "dfgdfg"}}, {"model": "cafeteria.pedidoproducto", "pk": 4, "fields": {"pedido": 3, "producto": 5, "cantidad": 1, "area": "Registros públicos", "lugar": "fgfgf"}}, {"model": "cafeteria.pedidoproducto", "pk": 5, "fields": {"pedido": 3, "producto": 3, "cantidad": 1, "area": "Registros públicos", "lugar": "fdgdfgfd"}}, {"model": "cafeteria.pedidoproducto", "pk": 6, "fields": {"pedido": 4, "producto": 2, "cantidad": 1, "area": "Registros públicos", "lugar": "dfgdfg"}}, {"model": "cafeteria.pedidoproducto", "pk": 7, "fields": {"pedido": 4, "producto": 1, "cantidad": 1, "area": "Registros públicos", "lugar": "fdgfdfgdf"}}, {"model": "cafeteria.pedidoproducto", "pk": 8, "fields": {"pedido": 5, "producto": 3, "cantidad": 1, "area": "Registros públicos", "lugar": "fghfgh"}}, {"model": "cafeteria.pedidoproducto", "pk": 9, "fields": {"pedido": 5, "producto": 2, "cantidad": 1, "area": "Registros públicos", "lugar": "gfghfggh"}}, {"model": "cafeteria.pedidoproducto", "pk": 10, "fields": {"pedido": 5, "producto": 1, "cantidad": 1, "area": "Registros públicos", "lugar": "fghfgh"}}, {"model": "cafeteria.pedidoproducto", "pk": 11, "fields": {"pedido": 6, "producto": 2, "cantidad": 1, "area": "Registros públicos", "lugar": "grado de enfermeria"}}, {"model": "backup.backup", "pk": 1, "fields": {"nombre": "backup1", "archivo": "backups/backup_20250615_193650_r0rMCi7.json", "tamano": "0.01 MB", "modelos_incluidos": "libreria.CustomUser, papeleria.Articulo, papeleria.Pedido, papeleria.PedidoArticulo", "fecha_creacion": "2025-06-16T00:36:50.911Z", "creado_por": 1}}, {"model": "backup.backup", "pk": 2, "fields": {"nombre": "backup2", "archivo": "backups/backup_20250615_193704_E9JhoeR.json", "tamano": "0.01 MB", "modelos_incluidos": "libreria.CustomUser, papeleria.Articulo, papeleria.Pedido, papeleria.PedidoArticulo", "fecha_creacion": "2025-06-16T00:37:04.199Z", "creado_por": 1}}, {"model": "backup.backup", "pk": 3, "fields": {"nombre": "backup3", "archivo": "backups/backup_20250615_193713_j5dOawI.json", "tamano": "0.01 MB", "modelos_incluidos": "libreria.CustomUser, papeleria.Articulo, papeleria.Pedido, papeleria.PedidoArticulo", "fecha_creacion": "2025-06-16T00:37:13.238Z", "creado_por": 1}}, {"model": "backup.backup", "pk": 4, "fields": {"nombre": "backup4", "archivo": "backups/backup_20250615_193719_swKKDyI.json", "tamano": "0.01 MB", "modelos_incluidos": "libreria.CustomUser, papeleria.Articulo, papeleria.Pedido, papeleria.PedidoArticulo", "fecha_creacion": "2025-06-16T00:37:19.459Z", "creado_por": 1}}, {"model": "backup.backup", "pk": 5, "fields": {"nombre": "backup5", "archivo": "backups/backup_20250615_193727_xNdF5Ca.json", "tamano": "0.01 MB", "modelos_incluidos": "libreria.CustomUser, papeleria.Articulo, papeleria.Pedido, papeleria.PedidoArticulo", "fecha_creacion": "2025-06-16T00:37:27.610Z", "creado_por": 1}}, {"model": "backup.backup", "pk": 6, "fields": {"nombre": "Prueba1", "archivo": "backups/backup_20250616_113347_cvNoyex.json", "tamano": "0.01 MB", "modelos_incluidos": "libreria.CustomUser, papeleria.Articulo, papeleria.Pedido, papeleria.PedidoArticulo, cafeteria.Productos, cafeteria.Pedido, cafeteria.PedidoProducto, cde.PedidoCde, cde.PedidoProductoCde", "fecha_creacion": "2025-06-16T16:33:47.312Z", "creado_por": 1}}]