[{"model": "libreria.customuser", "pk": 1, "fields": {"password": "pbkdf2_sha256$870000$RV8QyoN9rRlpD6RIJGpTgx$D3CChbk5LEFUup1pJmp5ABUT1cx80qIEZ5E7P5xFhI8=", "last_login": "2025-06-23T22:02:16.659Z", "is_superuser": false, "username": "Valentina Casallas", "email": "valentina@gmail.com", "role": "Empleado", "area": "Administrativa", "cargo": "Auxiliar en gestion documental", "fecha_registro": "2025-06-22", "is_active": true, "is_staff": false, "acceso_pap": true, "acceso_caf": false, "acceso_cde": false, "groups": [], "user_permissions": []}}, {"model": "libreria.customuser", "pk": 2, "fields": {"password": "pbkdf2_sha256$1000000$ys5DALbNpWZMLXMoLcaG61$tme3kFr3ogOFuUh65vSHo0Db3HH+p0ZE5vpgRMaUXR8=", "last_login": "2025-06-25T14:22:55.290Z", "is_superuser": false, "username": "Daniel Sanchez", "email": "jonnathansz73@gmail.com", "role": "Administrador", "area": "Administrativa", "cargo": "Director Gestor CCD", "fecha_registro": "2025-06-22", "is_active": true, "is_staff": false, "acceso_pap": true, "acceso_caf": true, "acceso_cde": true, "groups": [], "user_permissions": []}}, {"model": "libreria.customuser", "pk": 3, "fields": {"password": "pbkdf2_sha256$870000$IDkZZFCs4kXatUi1TztPV7$9IBx4YFGP0qFMAe19I7FBOFoQWPr6YDe2gsyKwu/IGc=", "last_login": "2025-06-23T22:04:15.256Z", "is_superuser": false, "username": "Viviana Rodriguez", "email": "viviana@gmail.com", "role": "Empleado", "area": "Administrativa", "cargo": "Asistente en gestion documental", "fecha_registro": "2025-06-22", "is_active": true, "is_staff": false, "acceso_pap": true, "acceso_caf": false, "acceso_cde": false, "groups": [], "user_permissions": []}}, {"model": "libreria.customuser", "pk": 4, "fields": {"password": "pbkdf2_sha256$870000$vYcNMQdHI83UT6ikkH5UZM$VmSip+bcokO6vNlHkDuoy8SCQxGlHpWwEGMxmhobs2Y=", "last_login": "2025-06-23T22:06:32.186Z", "is_superuser": false, "username": "Sonia parra", "email": "sonia@gmail.com", "role": "Empleado", "area": "Administrativa", "cargo": "Supernumeraria en gestion documental", "fecha_registro": "2025-06-22", "is_active": true, "is_staff": false, "acceso_pap": true, "acceso_caf": false, "acceso_cde": false, "groups": [], "user_permissions": []}}, {"model": "libreria.customuser", "pk": 5, "fields": {"password": "pbkdf2_sha256$870000$NdY0TVAlWdafnFGSWfyNW7$QJr1qJxr8NCxYP6AMRlSyL7S42jglcBdBpOLiI7NK2k=", "last_login": "2025-06-23T22:08:28.035Z", "is_superuser": false, "username": "Carlos Orozco", "email": "carlitos@gmail.com", "role": "Empleado", "area": "Administrativa", "cargo": "Auxiliar en gestion documental", "fecha_registro": "2025-06-23", "is_active": true, "is_staff": false, "acceso_pap": true, "acceso_caf": false, "acceso_cde": false, "groups": [], "user_permissions": []}}, {"model": "libreria.customuser", "pk": 6, "fields": {"password": "pbkdf2_sha256$870000$3mUa7Iyw8aMN7gMxBkYSbv$BT2k0CSbQkWZ8fyAqecWaELCbzTGNjQJAtS95Tviyqo=", "last_login": "2025-06-23T22:39:35.965Z", "is_superuser": false, "username": "Yadira", "email": "yadira@gmail.com", "role": "Empleado", "area": "Administrativa", "cargo": "Servicios generales", "fecha_registro": "2025-06-22", "is_active": true, "is_staff": false, "acceso_pap": false, "acceso_caf": true, "acceso_cde": false, "groups": [], "user_permissions": []}}, {"model": "libreria.customuser", "pk": 7, "fields": {"password": "pbkdf2_sha256$870000$sbwBqabNTMmFekZOt1LYC5$fYYwKD/Swn6OGYqYJQymDc5nOUOcyLlskV0GquQxbuc=", "last_login": "2025-06-23T22:40:39.284Z", "is_superuser": false, "username": "Sofia Vera", "email": "sofiavera@gmail.com", "role": "Empleado", "area": "Administrativa", "cargo": "Servicios Generales", "fecha_registro": "2025-06-22", "is_active": true, "is_staff": false, "acceso_pap": false, "acceso_caf": true, "acceso_cde": false, "groups": [], "user_permissions": []}}, {"model": "libreria.customuser", "pk": 8, "fields": {"password": "pbkdf2_sha256$870000$G8blIoNYbdbJkQVRwvdyT7$H6E7LtmBaSKhfK3SkDwxoqIiYJa84WC4+S9+OXgPfDo=", "last_login": null, "is_superuser": false, "username": "Brayan Ceron", "email": "brayanceron@gmail.com", "role": "Empleado", "area": "Competitividad", "cargo": "Supernumerario en competitividad", "fecha_registro": "2025-06-22", "is_active": true, "is_staff": false, "acceso_pap": false, "acceso_caf": true, "acceso_cde": false, "groups": [], "user_permissions": []}}, {"model": "libreria.customuser", "pk": 9, "fields": {"password": "pbkdf2_sha256$870000$TzDgGF2jnEkcPO9mxZJHtZ$UCUlxclm99gWyCx5pZwTtW6pGOQ+MsJy8OH3hI5HtxY=", "last_login": null, "is_superuser": false, "username": "Andres Casallas", "email": "andrescasallas@gmail.com", "role": "Empleado", "area": "Competitividad", "cargo": "Auxiliar en competitividad", "fecha_registro": "2025-06-22", "is_active": true, "is_staff": false, "acceso_pap": false, "acceso_caf": true, "acceso_cde": false, "groups": [], "user_permissions": []}}, {"model": "libreria.customuser", "pk": 10, "fields": {"password": "pbkdf2_sha256$870000$99pXwz8B76F6lFqlVIXaii$dw8XtAXnWc0I1kQCZr/8nyBKL4FysVCXRtsvMz5Pa0g=", "last_login": "2025-06-23T22:48:46.945Z", "is_superuser": false, "username": "Fabiola Betancourth", "email": "fabiola@gmail.com", "role": "Empleado", "area": "Competitividad", "cargo": "Auxiliar  en competitividad", "fecha_registro": "2025-06-23", "is_active": true, "is_staff": false, "acceso_pap": false, "acceso_caf": true, "acceso_cde": false, "groups": [], "user_permissions": []}}, {"model": "libreria.customuser", "pk": 11, "fields": {"password": "pbkdf2_sha256$870000$s5O19aJpCgP7Su3iMZ48kE$nDKgS6ltB35Xs/EcBL9/kukO6t3Uuln+uuXU2K0WLhw=", "last_login": "2025-06-23T22:49:39.555Z", "is_superuser": false, "username": "Zulma Barragan", "email": "zulma@gmail.com", "role": "Empleado", "area": "Administrativa", "cargo": "Supernumeraria de centro de eventos", "fecha_registro": "2025-06-22", "is_active": true, "is_staff": false, "acceso_pap": false, "acceso_caf": false, "acceso_cde": true, "groups": [], "user_permissions": []}}, {"model": "libreria.customuser", "pk": 12, "fields": {"password": "pbkdf2_sha256$870000$IT99R2rZxasLykUt0HawHo$CzKSj50IyYB4c1wfNZQJ3965RCPRCe24FDwcac9oH70=", "last_login": null, "is_superuser": false, "username": "Diego Ortiz", "email": "diego@gmail.com", "role": "Empleado", "area": "Administrativa", "cargo": "Aprendiz SENA", "fecha_registro": "2025-06-22", "is_active": true, "is_staff": false, "acceso_pap": false, "acceso_caf": false, "acceso_cde": true, "groups": [], "user_permissions": []}}, {"model": "libreria.customuser", "pk": 13, "fields": {"password": "pbkdf2_sha256$870000$a71X4KUMqu7wzBMUoqMSWm$c374QNoTSl6CerkqQ4SrNa+uSYUypc/AgyZUyLFJdQ0=", "last_login": null, "is_superuser": false, "username": "Fabian Suarez", "email": "fabian@gmail.com", "role": "Empleado", "area": "Gestión empresarial", "cargo": "Director en gestion empresarial", "fecha_registro": "2025-06-22", "is_active": true, "is_staff": false, "acceso_pap": false, "acceso_caf": false, "acceso_cde": true, "groups": [], "user_permissions": []}}, {"model": "libreria.customuser", "pk": 14, "fields": {"password": "pbkdf2_sha256$870000$GQodTV48gnFmTDT7a3Maf7$JkOzTlCvgebm+bbKsZF+sFAYKE5XQNaoMiLojTnuYSQ=", "last_login": null, "is_superuser": false, "username": "Diana Gomez", "email": "diana@gmail.com", "role": "Empleado", "area": "Gestión empresarial", "cargo": "Asistente en gestion empresarial", "fecha_registro": "2025-06-22", "is_active": true, "is_staff": false, "acceso_pap": false, "acceso_caf": false, "acceso_cde": true, "groups": [], "user_permissions": []}}, {"model": "papeleria.articulo", "pk": 1, "fields": {"nombre": "Resma de papel", "marca": "Norma", "observacion": "No tiene", "tipo": "Oficio", "precio": 1000, "cantidad": 12, "proveedor": "Javeriana", "registrado_por": 2, "fecha_registro": "2025-06-22"}}, {"model": "papeleria.articulo", "pk": 2, "fields": {"nombre": "lapiz", "marca": "Bic", "observacion": "no tiene", "tipo": "rojo", "precio": 5444, "cantidad": 44, "proveedor": "javeriana", "registrado_por": 2, "fecha_registro": "2025-06-22"}}, {"model": "papeleria.articulo", "pk": 4, "fields": {"nombre": "Resma de papel", "marca": "norma", "observacion": "No tiene", "tipo": "oficio y membreteada", "precio": 3000, "cantidad": 33, "proveedor": "javeriana", "registrado_por": 2, "fecha_registro": "2025-06-22"}}, {"model": "papeleria.articulo", "pk": 5, "fields": {"nombre": "Post-its", "marca": "Offi-esco", "observacion": "No tiene", "tipo": "Mediana", "precio": 5000, "cantidad": 41, "proveedor": "Javeriana", "registrado_por": 2, "fecha_registro": "2025-06-23"}}, {"model": "papeleria.articulo", "pk": 6, "fields": {"nombre": "Tijeras", "marca": "Offi - esco", "observacion": "No tiene", "tipo": "Punta de roma", "precio": 5000, "cantidad": 33, "proveedor": "Javeriana", "registrado_por": 2, "fecha_registro": "2025-06-23"}}, {"model": "papeleria.articulo", "pk": 7, "fields": {"nombre": "Borrador", "marca": "Norma", "observacion": "M/a", "tipo": "N/a", "precio": 5000, "cantidad": 55, "proveedor": "Javeriana", "registrado_por": 2, "fecha_registro": "2025-06-23"}}, {"model": "papeleria.articulo", "pk": 8, "fields": {"nombre": "Corrector", "marca": "Offi-esco", "observacion": "", "tipo": null, "precio": 5000, "cantidad": 44, "proveedor": "Javeriana", "registrado_por": 2, "fecha_registro": "2025-06-23"}}, {"model": "papeleria.articulo", "pk": 9, "fields": {"nombre": "Resaltadores", "marca": "Offi-esco", "observacion": "N/a", "tipo": "N/a", "precio": 5000, "cantidad": 66, "proveedor": "Javeriana", "registrado_por": 2, "fecha_registro": "2025-06-23"}}, {"model": "papeleria.articulo", "pk": 10, "fields": {"nombre": "Micropuntas", "marca": "N/a", "observacion": "No tiene", "tipo": "N/a", "precio": 2000, "cantidad": 88, "proveedor": "Javeriana", "registrado_por": 2, "fecha_registro": "2025-06-23"}}, {"model": "papeleria.pedido", "pk": 1, "fields": {"registrado_por": 2, "fecha_pedido": "2025-06-23T21:59:08.624Z", "estado": "Confirmado"}}, {"model": "papeleria.pedido", "pk": 2, "fields": {"registrado_por": 1, "fecha_pedido": "2025-06-23T22:03:21.896Z", "estado": "Pendiente"}}, {"model": "papeleria.pedido", "pk": 3, "fields": {"registrado_por": 3, "fecha_pedido": "2025-06-23T22:04:35.570Z", "estado": "Pendiente"}}, {"model": "papeleria.pedido", "pk": 4, "fields": {"registrado_por": 4, "fecha_pedido": "2025-06-23T22:06:56.799Z", "estado": "Pendiente"}}, {"model": "papeleria.pedido", "pk": 5, "fields": {"registrado_por": 5, "fecha_pedido": "2025-06-23T22:08:34.430Z", "estado": "Pendiente"}}, {"model": "papeleria.pedidoarticulo", "pk": 1, "fields": {"pedido": 1, "articulo": 5, "cantidad": 1, "tipo": "Mediana", "area": "Administrativa"}}, {"model": "papeleria.pedidoarticulo", "pk": 2, "fields": {"pedido": 2, "articulo": 2, "cantidad": 43, "tipo": "rojo", "area": "Administrativa"}}, {"model": "papeleria.pedidoarticulo", "pk": 3, "fields": {"pedido": 3, "articulo": 6, "cantidad": 1, "tipo": "Punta de roma", "area": "Administrativa"}}, {"model": "papeleria.pedidoarticulo", "pk": 4, "fields": {"pedido": 3, "articulo": 10, "cantidad": 1, "tipo": "N/a", "area": "Administrativa"}}, {"model": "papeleria.pedidoarticulo", "pk": 5, "fields": {"pedido": 4, "articulo": 8, "cantidad": 1, "tipo": "None", "area": "Administrativa"}}, {"model": "papeleria.pedidoarticulo", "pk": 6, "fields": {"pedido": 4, "articulo": 10, "cantidad": 1, "tipo": "N/a", "area": "Administrativa"}}, {"model": "papeleria.pedidoarticulo", "pk": 7, "fields": {"pedido": 4, "articulo": 6, "cantidad": 1, "tipo": "Punta de roma", "area": "Administrativa"}}, {"model": "papeleria.pedidoarticulo", "pk": 8, "fields": {"pedido": 5, "articulo": 7, "cantidad": 1, "tipo": "N/a", "area": "Administrativa"}}, {"model": "cafeteria.productos", "pk": 1, "fields": {"nombre": "AzúCar", "marca": "Riopaila", "precio": 5000, "cantidad": 54, "proveedor": "Javeriana", "registrado_por": null, "fecha_registro": "2025-06-23", "unidad_medida": "Gramos", "presentacion": "Sobres"}}, {"model": "cafeteria.productos", "pk": 2, "fields": {"nombre": "Palillos", "marca": "Riopaila", "precio": 8000, "cantidad": 800, "proveedor": "Javeriana", "registrado_por": null, "fecha_registro": "2025-06-23", "unidad_medida": "Unidad", "presentacion": "Paquete"}}, {"model": "cafeteria.productos", "pk": 3, "fields": {"nombre": "Leche En Polvo", "marca": "La Morena", "precio": 8000, "cantidad": 888, "proveedor": "Ajveriana", "registrado_por": null, "fecha_registro": "2025-06-23", "unidad_medida": "Litros", "presentacion": "N/A"}}, {"model": "cafeteria.productos", "pk": 4, "fields": {"nombre": "Jabon Liquido De Manos", "marca": "Dove", "precio": 8000, "cantidad": 800, "proveedor": "N/A", "registrado_por": null, "fecha_registro": "2025-06-23", "unidad_medida": "Litros", "presentacion": "N/A"}}, {"model": "cafeteria.productos", "pk": 5, "fields": {"nombre": "Papel Higienico", "marca": "N/A", "precio": 8000, "cantidad": 88, "proveedor": "Javerrtiana", "registrado_por": null, "fecha_registro": "2025-06-23", "unidad_medida": "Unidad", "presentacion": "Paquete"}}, {"model": "cafeteria.productos", "pk": 6, "fields": {"nombre": "Trapero", "marca": "N/A", "precio": 4000, "cantidad": 55, "proveedor": "Javeriana", "registrado_por": null, "fecha_registro": "2025-06-23", "unidad_medida": "Unidad", "presentacion": "N/A"}}, {"model": "cafeteria.productos", "pk": 7, "fields": {"nombre": "Limpia Pisos", "marca": "Fabuloso", "precio": 8000, "cantidad": 7, "proveedor": "N/A", "registrado_por": null, "fecha_registro": "2025-06-23", "unidad_medida": "Litros", "presentacion": "Botella"}}, {"model": "cafeteria.productos", "pk": 8, "fields": {"nombre": "Trapo", "marca": "N/A", "precio": 8000, "cantidad": 55, "proveedor": "Javeriana", "registrado_por": null, "fecha_registro": "2025-06-23", "unidad_medida": "Unidad", "presentacion": "Pquete"}}, {"model": "cafeteria.pedido", "pk": 1, "fields": {"registrado_por": null, "fecha_pedido": "2025-06-23T22:27:40.097Z", "estado": "Confirmado"}}, {"model": "cafeteria.pedido", "pk": 2, "fields": {"registrado_por": null, "fecha_pedido": "2025-06-23T22:39:50.050Z", "estado": "Pendiente"}}, {"model": "cafeteria.pedido", "pk": 3, "fields": {"registrado_por": null, "fecha_pedido": "2025-06-23T22:40:50.784Z", "estado": "Pendiente"}}, {"model": "cafeteria.pedido", "pk": 4, "fields": {"registrado_por": null, "fecha_pedido": "2025-06-23T22:42:44.397Z", "estado": "Pendiente"}}, {"model": "cafeteria.pedido", "pk": 5, "fields": {"registrado_por": null, "fecha_pedido": "2025-06-23T22:50:07.142Z", "estado": "Pendiente"}}, {"model": "cafeteria.pedido", "pk": 6, "fields": {"registrado_por": null, "fecha_pedido": "2025-06-23T22:50:56.231Z", "estado": "Pendiente"}}, {"model": "cafeteria.pedidoproducto", "pk": 1, "fields": {"pedido": 1, "producto": 1, "cantidad": 1, "area": "Administrativa", "lugar": "cafeteria"}}, {"model": "cafeteria.pedidoproducto", "pk": 2, "fields": {"pedido": 2, "producto": 2, "cantidad": 1, "area": "Administrativa", "lugar": "sala de juntas"}}, {"model": "cafeteria.pedidoproducto", "pk": 3, "fields": {"pedido": 3, "producto": 4, "cantidad": 1, "area": "Administrativa", "lugar": "baño 1er piso"}}, {"model": "cafeteria.pedidoproducto", "pk": 4, "fields": {"pedido": 4, "producto": 4, "cantidad": 12, "area": "Administrativa", "lugar": "baño competitividad"}}, {"model": "cafeteria.pedidoproducto", "pk": 5, "fields": {"pedido": 5, "producto": 2, "cantidad": 100, "area": "Administrativa", "lugar": "auditoro felix maria segura"}}, {"model": "cafeteria.pedidoproducto", "pk": 6, "fields": {"pedido": 6, "producto": 2, "cantidad": 1, "area": "Administrativa", "lugar": "fgffg"}}, {"model": "cafeteria.pedidoproducto", "pk": 7, "fields": {"pedido": 6, "producto": 1, "cantidad": 1, "area": "Administrativa", "lugar": "dfdfgdfg"}}, {"model": "cafeteria.pedidoproducto", "pk": 8, "fields": {"pedido": 6, "producto": 7, "cantidad": 1, "area": "Administrativa", "lugar": "fdgdfg"}}, {"model": "cafeteria.pedidoproducto", "pk": 9, "fields": {"pedido": 6, "producto": 6, "cantidad": 1, "area": "Administrativa", "lugar": "dfgdfg"}}]